category,name,name_ta,category_ta,content,rate,final_rate,discount,status
One Sound Crackers,"2.75"" Bird Cracskers (5PCs)","2.75"" Bird Cracskers (5PCs)",One Sound Crackers,1pkt,45.00,9.00,80,AVAILABLE
One Sound Crackers,"3.5"" Lakshmi Crackers/Lady","3.5"" Lakshmi Crackers/Lady",One Sound Crackers,1pkt,100.00,20.00,80,AVAILABLE
One Sound Crackers,4 Lakshmi/lady,4 Lakshmi/lady,One Sound Crackers,1pkt,120.00,26.00,80,AVAILABLE
One Sound Crackers,4 Deluxe Lakshmi,4 Deluxe Lakshmi,One Sound Crackers,1pkt,150.00,30.00,80,AVAILABLE
One Sound Crackers,"5"" Jallikattu","5"" Jallikattu",One Sound Crackers,1pkt,270.00,54.00,80,AVAILABLE
One Sound Crackers,6 kumki,6 kumki,One Sound Crackers,1pkt,280.00,56.00,80,AVAILABLE
One Sound Crackers,"Bagubali 4.5""","Bagubali 4.5""",One Sound Crackers,1pkt,200.00,40.00,80,AVAILABLE
One Sound Crackers,"4"" Gold lakshmi","4"" Gold lakshmi",One Sound Crackers,1pkt,200.00,40.00,80,AVAILABLE
One Sound Crackers,King rider/terror bomb,King rider/terror bomb,One Sound Crackers,1pkt,520.00,104.00,80,AVAILABLE
One Sound Crackers,Kidari (10pcs),Kidari (10pcs),One Sound Crackers,1 box,2000.00,400.00,80,AVAILABLE
One Sound Crackers,Hulk/Joker,Hulk/Joker,One Sound Crackers,1pkt,180.00,36.00,80,AVAILABLE
One Sound Crackers,Old is gold,Old is gold,One Sound Crackers,1Box(25pcs),950.00,190.00,80,AVAILABLE
One Sound Crackers,2 sound crackers,2 sound crackers,One Sound Crackers,1pkt,205.00,41.00,80,AVAILABLE
Ground Crackers,10pcs Ground Chakkar Big,10pcs Ground Chakkar Big,Ground Crackers,1Box,285.00,57.00,80,AVAILABLE
Ground Crackers,25 pcs Ground Chakkar Big,25 pcs Ground Chakkar Big,Ground Crackers,1Box,700.00,140.00,80,AVAILABLE
Ground Crackers,Ground Chakkar Special,Ground Chakkar Special,Ground Crackers,1Box,400.00,80.00,80,AVAILABLE
Ground Crackers,Ground Chakkar Deluxe,Ground Chakkar Deluxe,Ground Crackers,1Box,620.00,124.00,80,AVAILABLE
Ground Crackers,Disco Wheel (10 Pcs),Disco Wheel (10 Pcs),Ground Crackers,1Box,500.00,100.00,80,AVAILABLE
Ground Crackers,Whizling wheel(5pcs),Whizling wheel(5pcs),Ground Crackers,1 Box,900.00,180.00,80,AVAILABLE
Flower Pots,Big Flower Pots,Big Flower Pots,Flower Pots,1Box,350.00,70.00,80,AVAILABLE
Flower Pots,Spl Flower Pots,Spl Flower Pots,Flower Pots,1Box,450.00,90.00,80,AVAILABLE
Flower Pots,Asho Flower Pots,Asho Flower Pots,Flower Pots,1Box,550.00,110.00,80,AVAILABLE
Flower Pots,Jum Flower Pots,Jum Flower Pots,Flower Pots,1Box,2500.00,500.00,80,AVAILABLE
Flower Pots,Dlx Flower Pots (5pcs),Dlx Flower Pots (5pcs),Flower Pots,1Box,800.00,160.00,80,AVAILABLE
Flower Pots,Colour Koti,Colour Koti,Flower Pots,1Box,950.00,190.00,80,AVAILABLE
Flower Pots,Colour Koti Deluxe/ Colour pinjore,Colour Koti Deluxe/ Colour pinjore,Flower Pots,1Box,1550.00,310.00,80,AVAILABLE
Flower Pots,tri colour founden,tri colour founden,Flower Pots,1Box,1200.00,240.00,80,AVAILABLE
Twinkling Star,"1.5""twinkling Star","1.5""twinkling Star",Twinkling Star,1Box,200.00,40.00,80,AVAILABLE
Twinkling Star,4 Feet Deluxe Twinkling Star,4 Feet Deluxe Twinkling Star,Twinkling Star,1Box,400.00,80.00,80,AVAILABLE
Rocket,whisling Rockets,whisling Rockets,Rocket,1Box,800.00,160.00,80,AVAILABLE
Rocket,Rocket Bomb,Rocket Bomb,Rocket,1Box,400.00,80.00,80,AVAILABLE
Rocket,Lunik Rocket,Lunik Rocket,Rocket,1Box,450.00,90.00,80,AVAILABLE
Rocket,"2"" Sound Rocket","2"" Sound Rocket",Rocket,1Box,550.00,110.00,80,AVAILABLE
Auto Bombs,Hydro Bomb,Hydro Bomb,Auto Bombs,1Box,400.00,80.00,80,AVAILABLE
Auto Bombs,Bullet Bomb,Bullet Bomb,Auto Bombs,1Box,200.00,40.00,80,AVAILABLE
Auto Bombs,Classic Bomb,Classic Bomb,Auto Bombs,1Box,650.00,130.00,80,AVAILABLE
Auto Bombs,Digital Bomb,Digital Bomb,Auto Bombs,1Box,1300.00,260.00,80,AVAILABLE
Auto Bombs,Paper Bomb 0.25kg,Paper Bomb 0.25kg,Auto Bombs,1Box,250.00,50.00,80,AVAILABLE
Auto Bombs,Paper Bomb 0.50kg,Paper Bomb 0.50kg,Auto Bombs,1Box,500.00,100.00,80,AVAILABLE
Auto Bombs,Paper Bomb 1.00kg,Paper Bomb 1.00kg,Auto Bombs,1Box,850.00,170.00,80,AVAILABLE
Auto Bombs,555 Bomb,555 Bomb,Auto Bombs,bpx,750.00,150.00,80,AVAILABLE
Auto Bombs,Jurassic bomb,Jurassic bomb,Auto Bombs,1BOX,900.00,180.00,80,AVAILABLE
Bijilli Crackers,Red Bijilli 100 Pcs,Red Bijilli 100 Pcs,Bijilli Crackers,1Box,170.00,35.00,80,AVAILABLE
Bijilli Crackers,Stripped Bijilli 100 Pcs,Stripped Bijilli 100 Pcs,Bijilli Crackers,1Box,200.00,40.00,80,AVAILABLE
Kids Special And fountain,Kit Kat 10pcs),Kit Kat 10pcs),Kids Special And fountain,1Box,175.00,35.00,80,AVAILABLE
Kids Special And fountain,Peacock 3 Hole,Peacock 3 Hole,Kids Special And fountain,1Box,900.00,180.00,80,AVAILABLE
Kids Special And fountain,Peacock 5 Hole,Peacock 5 Hole,Kids Special And fountain,1Box,1100.00,220.00,80,AVAILABLE
Kids Special And fountain,Bada Peacock,Bada Peacock,Kids Special And fountain,1Box,2000.00,400.00,80,AVAILABLE
Kids Special And fountain,Siren Big,Siren Big,Kids Special And fountain,1Box,850.00,170.00,80,AVAILABLE
Kids Special And fountain,Disco Shower (5pcs) / Black bird,Disco Shower (5pcs) / Black bird,Kids Special And fountain,1Box,700.00,140.00,80,AVAILABLE
Kids Special And fountain,Dancing Butterfly,Dancing Butterfly,Kids Special And fountain,1Box,550.00,110.00,80,AVAILABLE
Kids Special And fountain,Benta (5pcs),Benta (5pcs),Kids Special And fountain,1Box,1000.00,200.00,80,AVAILABLE
Kids Special And fountain,Smoke (3pcs),Smoke (3pcs),Kids Special And fountain,1Box,900.00,180.00,80,AVAILABLE
Kids Special And fountain,"8"" Fountain tin","8"" Fountain tin",Kids Special And fountain,1Box,1000.00,200.00,80,AVAILABLE
Kids Special And fountain,Magic Show,Magic Show,Kids Special And fountain,1Box,1350.00,270.00,80,AVAILABLE
Kids Special And fountain,Bambaram,Bambaram,Kids Special And fountain,1Box,700.00,140.00,80,AVAILABLE
Kids Special And fountain,Photo Flash,Photo Flash,Kids Special And fountain,1Box,400.00,80.00,80,AVAILABLE
Kids Special And fountain,Water Falls,Water Falls,Kids Special And fountain,1Box,875.00,145.00,80,AVAILABLE
Kids Special And fountain,Peacock feather,Peacock feather,Kids Special And fountain,1Box,650.00,130.00,80,AVAILABLE
Kids Special And fountain,Golden star,Golden star,Kids Special And fountain,1Box,700.00,140.00,80,AVAILABLE
Kids Special And fountain,Fountain Tin(2pcs),Fountain Tin(2pcs),Kids Special And fountain,1Box,1000.00,200.00,80,AVAILABLE
Repeatting Shots,7 Shot / Fanta (5pcs),7 Shot / Fanta (5pcs),Repeatting Shots,1Box,700.00,140.00,80,AVAILABLE
Repeatting Shots,Party zone colour paper shot,Party zone colour paper shot,Repeatting Shots,1Box,1800.00,360.00,80,AVAILABLE
Repeatting Shots,12 Shot Crackling,12 Shot Crackling,Repeatting Shots,1Box,850.00,170.00,80,AVAILABLE
Repeatting Shots,15 Shot TUKTUK THAILAND,15 Shot TUKTUK THAILAND,Repeatting Shots,1Box,1450.00,290.00,80,AVAILABLE
Repeatting Shots,30 Shot Multi Colour,30 Shot Multi Colour,Repeatting Shots,1Box,2250.00,450.00,80,AVAILABLE
Repeatting Shots,60 Shot Multi Colour,60 Shot Multi Colour,Repeatting Shots,1Box,4500.00,900.00,80,AVAILABLE
Repeatting Shots,120 Shot Multi Colour,120 Shot Multi Colour,Repeatting Shots,1Box,9000.00,1800.00,80,AVAILABLE
Repeatting Shots,240 Shot Multi Colour,240 Shot Multi Colour,Repeatting Shots,1Box,16500.00,3300.00,80,AVAILABLE
Repeatting Shots,25 Shot Multi Colour Crackling,25 Shot Multi Colour Crackling,Repeatting Shots,1Box,2650.00,530.00,80,AVAILABLE
Repeatting Shots,25 Shot Rider,25 Shot Rider,Repeatting Shots,1Box,1500.00,300.00,80,AVAILABLE
Repeatting Shots,10*10 shot,10*10 shot,Repeatting Shots,1pcs,18900.00,3780.00,80,AVAILABLE
Repeatting Shots,5*10 Rainbow sky,5*10 Rainbow sky,Repeatting Shots,1 box,11000.00,2200.00,80,AVAILABLE
Repeatting Shots,12 shot colour,12 shot colour,Repeatting Shots,1box,1100.00,220.00,80,AVAILABLE
Fancy Novelties,Ganga Jamuna (5pcs),Ganga Jamuna (5pcs),Fancy Novelties,1Box,550.00,110.00,80,AVAILABLE
Fancy Novelties,Sky Dancer (5 pcs),Sky Dancer (5 pcs),Fancy Novelties,1Box,1000.00,200.00,80,AVAILABLE
Fancy Novelties,Barbie pink colour fountain,Barbie pink colour fountain,Fancy Novelties,1Box,1000.00,200.00,80,AVAILABLE
Fancy Novelties,VOILET VAMPIRE,VOILET VAMPIRE,Fancy Novelties,1Box,780.00,156.00,80,AVAILABLE
Fancy,"1"" Chotta Fancy","1"" Chotta Fancy",Fancy,1Box,250.00,50.00,80,AVAILABLE
Fancy,"2"" Fancy Out","2"" Fancy Out",Fancy,1Box,650.00,130.00,80,AVAILABLE
Fancy,2' Triple Ball,2' Triple Ball,Fancy,1Box,1050.00,210.00,80,AVAILABLE
Fancy,3.5 Gun out,3.5 Gun out,Fancy,1Box,1450.00,290.00,80,AVAILABLE
Fancy,3.5 Nayagara Falls,3.5 Nayagara Falls,Fancy,1Box,2100.00,420.00,80,AVAILABLE
Fancy,"5"" Fancy","5"" Fancy",Fancy,1Box,2850.00,570.00,80,AVAILABLE
Fancy,"3.5"" Fancy","3.5"" Fancy",Fancy,1Box,1550.00,310.00,80,AVAILABLE
Fancy,"4"" Double ball","4"" Double ball",Fancy,1Box,2300.00,460.00,80,AVAILABLE
Fancy,"4"" fancy","4"" fancy",Fancy,1Box,2500.00,500.00,80,AVAILABLE
Fancy,"5"" Fancy (2pcs) Benz","5"" Fancy (2pcs) Benz",Fancy,1Box,5550.00,1110.00,80,AVAILABLE
Fancy,"5"" FANCY (2PCS) CITY JUMBERS","5"" FANCY (2PCS) CITY JUMBERS",Fancy,1Box,3850.00,770.00,80,AVAILABLE
Fancy,3pcs Fancy,3pcs Fancy,Fancy,1Box,1625.00,325.00,80,AVAILABLE
Fancy,Wild force,Wild force,Fancy,1 pcs,2000.00,400.00,80,AVAILABLE
Fancy,"4"" fancy (2pcs) Sunrise","4"" fancy (2pcs) Sunrise",Fancy,1 BOX,3600.00,720.00,80,AVAILABLE
Fancy,"6"" FANCY TURBO SERIES","6"" FANCY TURBO SERIES",Fancy,1Box,4800.00,960.00,80,AVAILABLE
Fancy,"6"" FANCY (2PCS) ULTRA","6"" FANCY (2PCS) ULTRA",Fancy,2pcs,7250.00,1450.00,80,AVAILABLE
Fancy,3.5 Fancy strawberry (2pcs),3.5 Fancy strawberry (2pcs),Fancy,(2pcs),2800.00,560.00,80,AVAILABLE
Fancy,3.5 fancy lemonlife (2pcs),3.5 fancy lemonlife (2pcs),Fancy,2pcs,2700.00,540.00,80,AVAILABLE
Fancy,"NEO SERIES 2"" FANCY","NEO SERIES 2"" FANCY",Fancy,2Pcs,1075.00,215.00,80,AVAILABLE
Fancy,"5"" color punch (2pcs)","5"" color punch (2pcs)",Fancy,1 box,4500.00,900.00,80,AVAILABLE
Sparklers,Dancing Umberlla,Dancing Umberlla,Sparklers,1Box,1500.00,300.00,80,AVAILABLE
Sparklers,10cm Electric Sparklers,10cm Electric Sparklers,Sparklers,1Box,100.00,20.00,80,AVAILABLE
Sparklers,10cm Colour Sparklers,10cm Colour Sparklers,Sparklers,1Box,125.00,25.00,80,AVAILABLE
Sparklers,10cm Green Sparklers,10cm Green Sparklers,Sparklers,1Box,135.00,27.00,80,AVAILABLE
Sparklers,10cm Red Sparklers,10cm Red Sparklers,Sparklers,1Box,135.00,27.00,80,AVAILABLE
Sparklers,12cm Electric Sparkler 10 Pcs,12cm Electric Sparkler 10 Pcs,Sparklers,1Box,160.00,32.00,80,AVAILABLE
Sparklers,12cm Colour Sparkler,12cm Colour Sparkler,Sparklers,1Box,175.00,35.00,80,AVAILABLE
Sparklers,15cm Electric Sparklers,15cm Electric Sparklers,Sparklers,1Box,225.00,45.00,80,AVAILABLE
Sparklers,15cm Colour Sparklers,15cm Colour Sparklers,Sparklers,1Box,255.00,51.00,80,AVAILABLE
Sparklers,15cm Green Sparklers,15cm Green Sparklers,Sparklers,1Box,255.00,51.00,80,AVAILABLE
Sparklers,30cm Electric Sparklers,30cm Electric Sparklers,Sparklers,1Box,225.00,45.00,80,AVAILABLE
Sparklers,30cm Colour Sparklers,30cm Colour Sparklers,Sparklers,1Box,255.00,51.00,80,AVAILABLE
Sparklers,30cm Green Sparklers,30cm Green Sparklers,Sparklers,1Box,265.00,53.00,80,AVAILABLE
Sparklers,50cm Electric Sparklers,50cm Electric Sparklers,Sparklers,1Box,950.00,190.00,80,AVAILABLE
Sparklers,50cm Colour Sparklers,50cm Colour Sparklers,Sparklers,1Box,1000.00,200.00,80,AVAILABLE
Sparklers,10cm Yellow,10cm Yellow,Sparklers,1Box,160.00,32.00,80,AVAILABLE
Sparklers,50cm Green sparklers,50cm Green sparklers,Sparklers,5pcs,1175.00,235.00,80,AVAILABLE
Kids Colour Matches & Crackling,Laptop Small,Laptop Small,Kids Colour Matches & Crackling,1Box,650.00,130.00,80,AVAILABLE
Kids Colour Matches & Crackling,Laptop Big,Laptop Big,Kids Colour Matches & Crackling,1Box,1175.00,235.00,80,AVAILABLE
Kids Colour Matches & Crackling,Gems 7 In 1 / Annam / Pogo (10 Box ),Gems 7 In 1 / Annam / Pogo (10 Box ),Kids Colour Matches & Crackling,1Box,375.00,75.00,80,AVAILABLE
Kids Colour Matches & Crackling,Royal Super Mega 5 IN 1,Royal Super Mega 5 IN 1,Kids Colour Matches & Crackling,1Box,650.00,130.00,80,AVAILABLE
Kids Colour Matches & Crackling,Jegajal (30piece),Jegajal (30piece),Kids Colour Matches & Crackling,1Box,2000.00,400.00,80,AVAILABLE
Kids Colour Matches & Crackling,90 watts,90 watts,Kids Colour Matches & Crackling,1Box,750.00,150.00,80,AVAILABLE
Kids Colour Matches & Crackling,magic whip,magic whip,Kids Colour Matches & Crackling,1Box,800.00,160.00,80,AVAILABLE
Kids Colour Matches & Crackling,Snake Egg Big (10 pcs) 1 box,Snake Egg Big (10 pcs) 1 box,Kids Colour Matches & Crackling,1 box,100.00,20.00,80,AVAILABLE
Kids Colour Matches & Crackling,ROLL CAP (10 PCS),ROLL CAP (10 PCS),Kids Colour Matches & Crackling,1Box,350.00,70.00,80,AVAILABLE
Kids Colour Matches & Crackling,Delux Revolver Gun(1) +Ring Cape 10 pkt,Delux Revolver Gun(1) +Ring Cape 10 pkt,Kids Colour Matches & Crackling,1 Box (10 Pcs ),750.00,150.00,80,AVAILABLE
New varity,Shin Chan,Shin Chan,New varity,1BOX,650.00,130.00,80,AVAILABLE
New varity,100 Watts,100 Watts,New varity,1BOX,900.00,180.00,80,AVAILABLE
New varity,Jungle beat,Jungle beat,New varity,1BOX,700.00,140.00,80,AVAILABLE
New varity,HAPPY DIWALI (Money bank),HAPPY DIWALI (Money bank),New varity,1 box,750.00,150.00,80,AVAILABLE
New varity,cylinder bomb(2PCS),cylinder bomb(2PCS),New varity,2 pcs,1700.00,340.00,80,AVAILABLE
New varity,Black & White Shower,Black & White Shower,New varity,1Box,800.00,160.00,80,AVAILABLE
New varity,1000 Watts,1000 Watts,New varity,1pcs,1300.00,260.00,80,AVAILABLE
New varity,Mega crackling coconut,Mega crackling coconut,New varity,3pcs,1900.00,380.00,80,AVAILABLE
Deluxe Crackers,100 Deluxe,100 Deluxe,Deluxe Crackers,1Box,1050.00,210.00,80,AVAILABLE
Deluxe Crackers,50 Deluxe,50 Deluxe,Deluxe Crackers,1Box,600.00,120.00,80,AVAILABLE
Gaint and other,1k tajmahal Gold,1k tajmahal Gold,Gaint and other,Box,1400.00,280.00,80,AVAILABLE
Gaint and other,2k Gold,2k Gold,Gaint and other,Box,2600.00,520.00,80,AVAILABLE
Gaint and other,5k Gold,5k Gold,Gaint and other,Box,7000.00,1400.00,80,AVAILABLE
Gaint and other,10k Gold,10k Gold,Gaint and other,Box,13000.00,2600.00,80,AVAILABLE
Gaint and other,100,100,Gaint and other,Box,200.00,40.00,80,AVAILABLE
Gaint and other,28 chorsa (10 pkt),28 chorsa (10 pkt),Gaint and other,10 pkt,1000.00,200.00,80,AVAILABLE
Night Show,Lovely Peral,Lovely Peral,Night Show,Box,850.00,170.00,80,AVAILABLE
Night Show,white gun shot (5pcs),white gun shot (5pcs),Night Show,Box,1200.00,240.00,80,AVAILABLE
Night Show,Pentagon,Pentagon,Night Show,Box,1200.00,240.00,80,AVAILABLE
Night Show,White House,White House,Night Show,Box,1200.00,240.00,80,AVAILABLE
Crackling,Pogo (5pcs)/jolly ranger,Pogo (5pcs)/jolly ranger,Crackling,1Box,900.00,180.00,80,AVAILABLE
Crackling,White crackling,White crackling,Crackling,1Box,1000.00,200.00,80,AVAILABLE
Crackling,Red and green crackling,Red and green crackling,Crackling,1Box,850.00,170.00,80,AVAILABLE
Crackling,Green crackling,Green crackling,Crackling,1Box,900.00,180.00,80,AVAILABLE
Crackling,Red crackling,Red crackling,Crackling,1Box,1100.00,220.00,80,AVAILABLE
Crackling,Gold crackling,Gold crackling,Crackling,1Box,900.00,180.00,80,AVAILABLE
Crackling,Colour rain/golden bar,Colour rain/golden bar,Crackling,1 Box,750.00,150.00,80,AVAILABLE
Gift Box Collection,25 Items,25 Items,Gift Box Collection,Box,1900.00,380.00,80,AVAILABLE
Gift Box Collection,30 Items,30 Items,Gift Box Collection,Box,2550.00,510.00,80,AVAILABLE
Gift Box Collection,40 Items,40 Items,Gift Box Collection,Box,3550.00,710.00,80,AVAILABLE
Gift Box Collection,50 Items,50 Items,Gift Box Collection,Box,4750.00,950.00,80,AVAILABLE
Gift Box Collection,60 Items,60 Items,Gift Box Collection,Box,7000.00,1400.00,80,AVAILABLE
Multicolour Repeating shot ( BRAND),30 shot Multicolour BRAND,30 shot Multicolour BRAND,Multicolour Repeating shot ( BRAND),Box,2700.00,540.00,80,AVAILABLE
Multicolour Repeating shot ( BRAND),60 Shot Multicolour BRAND,60 Shot Multicolour BRAND,Multicolour Repeating shot ( BRAND),Box,5100.00,1020.00,80,AVAILABLE
Multicolour Repeating shot ( BRAND),120 Shot Multicolour BRAND,120 Shot Multicolour BRAND,Multicolour Repeating shot ( BRAND),Box,9750.00,1950.00,80,AVAILABLE
Multicolour Repeating shot ( BRAND),240 shot Multicolour BRAND,240 shot Multicolour BRAND,Multicolour Repeating shot ( BRAND),Box,18750.00,3750.00,80,AVAILABLE
Multicolour Repeating shot ( BRAND),100 Shot BRAND Call me crazy,100 Shot BRAND Call me crazy,Multicolour Repeating shot ( BRAND),1pcs,7900.00,1580.00,80,AVAILABLE
2026 New Variant (Indigo 5Pcs),Indigo silver(5 Pcs),Indigo silver(5 Pcs),2026 New Variant (Indigo 5Pcs),1BOX,760.00,152.00,80,AVAILABLE
2026 New Variant (Indigo 5Pcs),Indigo gold(5 Pcs),Indigo gold(5 Pcs),2026 New Variant (Indigo 5Pcs),1BOX,760.00,152.00,80,AVAILABLE
2026 New Variant (Indigo 5Pcs),Indigo red and green(5pcs),Indigo red and green(5pcs),2026 New Variant (Indigo 5Pcs),1BOX,850.00,170.00,80,AVAILABLE